vid_tw,id_global,date,tw_id,partition_id,vehicle_type,base_color,speed_kmh,direction
VH20260409_0010_TW2520,VH20260409_0010,2026-04-09,TW2520,4,Car,White,38,S
VH20260409_0001_TW2520,VH20260409_0001,2026-04-09,TW2520,4,Motorbike,Gray,13,S
VH20260409_0008_TW2520,VH20260409_0008,2026-04-09,TW2520,4,Motorbike,Black,43,SW
VH20260409_0004_TW2521,VH20260409_0004,2026-04-09,TW2521,4,Car,Blue,17,SE
VH20260409_0010_TW2521,VH20260409_0010,2026-04-09,TW2521,4,Car,White,38,SW
VH20260409_0012_TW2521,VH20260409_0012,2026-04-09,TW2521,4,Car,Black,34,N
VH20260409_0011_TW2521,VH20260409_0011,2026-04-09,TW2521,4,Truck,Gray,34,E
VH20260409_0001_TW2521,VH20260409_0001,2026-04-09,TW2521,4,Motorbike,Gray,18,SE
VH20260409_0002_TW2521,VH20260409_0002,2026-04-09,TW2521,4,Car,Black,5,W
VH20260409_0004_TW2522,VH20260409_0004,2026-04-09,TW2522,4,Car,Blue,19,S
VH20260409_0006_TW2522,VH20260409_0006,2026-04-09,TW2522,4,Car,Black,47,SE
VH20260409_0011_TW2523,VH20260409_0011,2026-04-09,TW2523,4,Truck,Gray,31,NE
VH20260409_0007_TW2524,VH20260409_0007,2026-04-09,TW2524,4,Motorbike,Red,0,NW
VH20260409_0011_TW2525,VH20260409_0011,2026-04-09,TW2525,4,Truck,Gray,29,NE
VH20260409_0009_TW2528,VH20260409_0009,2026-04-09,TW2528,4,Car,Red,25,S
VH20260409_0002_TW2528,VH20260409_0002,2026-04-09,TW2528,4,Car,Black,5,NW
VH20260409_0008_TW2529,VH20260409_0008,2026-04-09,TW2529,4,Motorbike,Black,13,E
VH20260409_0004_TW2529,VH20260409_0004,2026-04-09,TW2529,4,Car,Blue,27,S
VH20260409_0007_TW2529,VH20260409_0007,2026-04-09,TW2529,4,Motorbike,Red,0,N
VH20260409_0002_TW2529,VH20260409_0002,2026-04-09,TW2529,4,Car,Black,7,N
VH20260409_0010_TW2529,VH20260409_0010,2026-04-09,TW2529,4,Car,White,40,S
VH20260409_0008_TW2530,VH20260409_0008,2026-04-09,TW2530,4,Motorbike,Black,9,SE
VH20260409_0003_TW2532,VH20260409_0003,2026-04-09,TW2532,4,Car,Black,22,NW
VH20260409_0009_TW2532,VH20260409_0009,2026-04-09,TW2532,4,Car,Red,20,W
VH20260409_0007_TW2534,VH20260409_0007,2026-04-09,TW2534,4,Motorbike,Red,10,SW
VH20260409_0008_TW2535,VH20260409_0008,2026-04-09,TW2535,4,Motorbike,Black,22,E
VH20260409_0008_TW2538,VH20260409_0008,2026-04-09,TW2538,4,Motorbike,Black,36,N
VH20260409_0011_TW2538,VH20260409_0011,2026-04-09,TW2538,4,Truck,Gray,11,SW
VH20260409_0006_TW2538,VH20260409_0006,2026-04-09,TW2538,4,Car,Black,20,SW
VH20260409_0003_TW2538,VH20260409_0003,2026-04-09,TW2538,4,Car,Black,25,W
VH20260409_0002_TW2538,VH20260409_0002,2026-04-09,TW2538,4,Car,Black,9,NE
VH20260409_0009_TW2538,VH20260409_0009,2026-04-09,TW2538,4,Car,Red,20,N
VH20260409_0010_TW2539,VH20260409_0010,2026-04-09,TW2539,4,Car,White,37,SE
VH20260409_0008_TW2539,VH20260409_0008,2026-04-09,TW2539,4,Motorbike,Black,33,N
VH20260409_0004_TW2539,VH20260409_0004,2026-04-09,TW2539,4,Car,Blue,43,NW
VH20260409_0008_TW2540,VH20260409_0008,2026-04-09,TW2540,4,Motorbike,Black,30,N
VH20260409_0005_TW2540,VH20260409_0005,2026-04-09,TW2540,4,Car,Black,5,E
VH20260409_0010_TW2540,VH20260409_0010,2026-04-09,TW2540,4,Car,White,42,S
VH20260409_0006_TW2540,VH20260409_0006,2026-04-09,TW2540,4,Car,Black,20,SW
VH20260409_0012_TW2542,VH20260409_0012,2026-04-09,TW2542,4,Car,Black,27,N
VH20260409_0011_TW2544,VH20260409_0011,2026-04-09,TW2544,4,Truck,Gray,8,NW
VH20260409_0010_TW2544,VH20260409_0010,2026-04-09,TW2544,4,Car,White,47,N
VH20260409_0003_TW2548,VH20260409_0003,2026-04-09,TW2548,4,Car,Black,55,NW
VH20260409_0008_TW2548,VH20260409_0008,2026-04-09,TW2548,4,Motorbike,Black,32,E
VH20260409_0003_TW2549,VH20260409_0003,2026-04-09,TW2549,4,Car,Black,60,NW
VH20260409_0011_TW2549,VH20260409_0011,2026-04-09,TW2549,4,Truck,Gray,3,NW
VH20260409_0006_TW2549,VH20260409_0006,2026-04-09,TW2549,4,Car,Black,12,E
VH20260409_0001_TW2550,VH20260409_0001,2026-04-09,TW2550,4,Motorbike,Gray,23,S
VH20260409_0011_TW2550,VH20260409_0011,2026-04-09,TW2550,4,Truck,Gray,2,N
VH20260409_0008_TW2550,VH20260409_0008,2026-04-09,TW2550,4,Motorbike,Black,28,E
VH20260409_0010_TW2552,VH20260409_0010,2026-04-09,TW2552,4,Car,White,59,S
VH20260409_0002_TW2554,VH20260409_0002,2026-04-09,TW2554,4,Car,Black,8,NE
VH20260409_0007_TW2555,VH20260409_0007,2026-04-09,TW2555,4,Motorbike,Red,18,SE
VH20260409_0009_TW2555,VH20260409_0009,2026-04-09,TW2555,4,Car,Red,33,SE
VH20260409_0003_TW2555,VH20260409_0003,2026-04-09,TW2555,4,Car,Black,58,SE
VH20260409_0003_TW2556,VH20260409_0003,2026-04-09,TW2556,4,Car,Black,60,E
VH20260409_0010_TW2556,VH20260409_0010,2026-04-09,TW2556,4,Car,White,10,E
VH20260409_0004_TW2556,VH20260409_0004,2026-04-09,TW2556,4,Car,Blue,48,NE
VH20260409_0011_TW2556,VH20260409_0011,2026-04-09,TW2556,4,Truck,Gray,0,N
VH20260409_0012_TW2556,VH20260409_0012,2026-04-09,TW2556,4,Car,Black,31,N
VH20260409_0010_TW2557,VH20260409_0010,2026-04-09,TW2557,4,Car,White,8,E
VH20260409_0002_TW2557,VH20260409_0002,2026-04-09,TW2557,4,Car,Black,12,N
VH20260409_0005_TW2558,VH20260409_0005,2026-04-09,TW2558,4,Car,Black,36,W
VH20260409_0012_TW2558,VH20260409_0012,2026-04-09,TW2558,4,Car,Black,26,N
VH20260409_0007_TW2558,VH20260409_0007,2026-04-09,TW2558,4,Motorbike,Red,37,SE
VH20260409_0002_TW2558,VH20260409_0002,2026-04-09,TW2558,4,Car,Black,10,N
VH20260409_0003_TW2559,VH20260409_0003,2026-04-09,TW2559,4,Car,Black,60,SE
VH20260409_0007_TW2559,VH20260409_0007,2026-04-09,TW2559,4,Motorbike,Red,34,SE
VH20260409_0002_TW2559,VH20260409_0002,2026-04-09,TW2559,4,Car,Black,7,NE
VH20260409_0008_TW2561,VH20260409_0008,2026-04-09,TW2561,4,Motorbike,Black,31,N
VH20260409_0010_TW2561,VH20260409_0010,2026-04-09,TW2561,4,Car,White,17,SE
VH20260409_0003_TW2561,VH20260409_0003,2026-04-09,TW2561,4,Car,Black,60,S
VH20260409_0006_TW2562,VH20260409_0006,2026-04-09,TW2562,4,Car,Black,39,W
VH20260409_0010_TW2562,VH20260409_0010,2026-04-09,TW2562,4,Car,White,14,S
VH20260409_0011_TW2562,VH20260409_0011,2026-04-09,TW2562,4,Truck,Gray,1,E
VH20260409_0001_TW2562,VH20260409_0001,2026-04-09,TW2562,4,Motorbike,Gray,30,S
VH20260409_0002_TW2562,VH20260409_0002,2026-04-09,TW2562,4,Car,Black,6,N
VH20260409_0006_TW2565,VH20260409_0006,2026-04-09,TW2565,4,Car,Black,41,N
VH20260409_0010_TW2565,VH20260409_0010,2026-04-09,TW2565,4,Car,White,0,S
VH20260409_0011_TW2565,VH20260409_0011,2026-04-09,TW2565,4,Truck,Gray,0,SW
VH20260409_0012_TW2565,VH20260409_0012,2026-04-09,TW2565,4,Car,Black,19,NE
VH20260409_0011_TW2566,VH20260409_0011,2026-04-09,TW2566,4,Truck,Gray,2,SW
VH20260409_0003_TW2566,VH20260409_0003,2026-04-09,TW2566,4,Car,Black,52,W
VH20260409_0007_TW2566,VH20260409_0007,2026-04-09,TW2566,4,Motorbike,Red,46,E
VH20260409_0002_TW2568,VH20260409_0002,2026-04-09,TW2568,4,Car,Black,8,SW
VH20260409_0003_TW2568,VH20260409_0003,2026-04-09,TW2568,4,Car,Black,60,NW
VH20260409_0012_TW2568,VH20260409_0012,2026-04-09,TW2568,4,Car,Black,17,E
VH20260409_0009_TW2569,VH20260409_0009,2026-04-09,TW2569,4,Car,Red,25,S
VH20260409_0001_TW2570,VH20260409_0001,2026-04-09,TW2570,4,Motorbike,Gray,33,E
VH20260409_0009_TW2570,VH20260409_0009,2026-04-09,TW2570,4,Car,Red,22,S
VH20260409_0003_TW2571,VH20260409_0003,2026-04-09,TW2571,4,Car,Black,19,S
VH20260409_0001_TW2571,VH20260409_0001,2026-04-09,TW2571,4,Motorbike,Gray,30,NE
VH20260409_0009_TW2572,VH20260409_0009,2026-04-09,TW2572,4,Car,Red,47,S
VH20260409_0001_TW2572,VH20260409_0001,2026-04-09,TW2572,4,Motorbike,Gray,33,NE
VH20260409_0007_TW2572,VH20260409_0007,2026-04-09,TW2572,4,Motorbike,Red,47,S
VH20260409_0010_TW2572,VH20260409_0010,2026-04-09,TW2572,4,Car,White,10,NE
VH20260409_0004_TW2575,VH20260409_0004,2026-04-09,TW2575,4,Car,Blue,51,SE
VH20260409_0006_TW2577,VH20260409_0006,2026-04-09,TW2577,4,Car,Black,42,NE
VH20260409_0010_TW2577,VH20260409_0010,2026-04-09,TW2577,4,Car,White,11,NW
VH20260409_0002_TW2577,VH20260409_0002,2026-04-09,TW2577,4,Car,Black,0,W
VH20260409_0009_TW2579,VH20260409_0009,2026-04-09,TW2579,4,Car,Red,60,E
VH20260409_0008_TW2580,VH20260409_0008,2026-04-09,TW2580,4,Motorbike,Black,9,E
VH20260409_0003_TW2580,VH20260409_0003,2026-04-09,TW2580,4,Car,Black,8,S
VH20260409_0009_TW2580,VH20260409_0009,2026-04-09,TW2580,4,Car,Red,60,E
VH20260409_0005_TW2580,VH20260409_0005,2026-04-09,TW2580,4,Car,Black,60,NE
VH20260409_0012_TW2580,VH20260409_0012,2026-04-09,TW2580,4,Car,Black,17,E
VH20260409_0007_TW2580,VH20260409_0007,2026-04-09,TW2580,4,Motorbike,Red,55,NW
VH20260409_0007_TW2582,VH20260409_0007,2026-04-09,TW2582,4,Motorbike,Red,52,N
VH20260409_0005_TW2582,VH20260409_0005,2026-04-09,TW2582,4,Car,Black,60,SE
VH20260409_0008_TW2582,VH20260409_0008,2026-04-09,TW2582,4,Motorbike,Black,12,NE
VH20260409_0002_TW2582,VH20260409_0002,2026-04-09,TW2582,4,Car,Black,4,SW
VH20260409_0007_TW2585,VH20260409_0007,2026-04-09,TW2585,4,Motorbike,Red,47,NW
VH20260409_0003_TW2585,VH20260409_0003,2026-04-09,TW2585,4,Car,Black,10,W
VH20260409_0010_TW2585,VH20260409_0010,2026-04-09,TW2585,4,Car,White,21,W
VH20260409_0009_TW2585,VH20260409_0009,2026-04-09,TW2585,4,Car,Red,55,N
VH20260409_0001_TW2587,VH20260409_0001,2026-04-09,TW2587,4,Motorbike,Gray,56,W
VH20260409_0005_TW2587,VH20260409_0005,2026-04-09,TW2587,4,Car,Black,35,E
VH20260409_0003_TW2587,VH20260409_0003,2026-04-09,TW2587,4,Car,Black,17,W
VH20260409_0002_TW2587,VH20260409_0002,2026-04-09,TW2587,4,Car,Black,14,W
VH20260409_0004_TW2587,VH20260409_0004,2026-04-09,TW2587,4,Car,Blue,50,SW
VH20260409_0002_TW2590,VH20260409_0002,2026-04-09,TW2590,4,Car,Black,18,SW
VH20260409_0006_TW2590,VH20260409_0006,2026-04-09,TW2590,4,Car,Black,32,W
VH20260409_0008_TW2590,VH20260409_0008,2026-04-09,TW2590,4,Motorbike,Black,2,N
VH20260409_0010_TW2590,VH20260409_0010,2026-04-09,TW2590,4,Car,White,29,SE
VH20260409_0003_TW2590,VH20260409_0003,2026-04-09,TW2590,4,Car,Black,21,NW
VH20260409_0007_TW2592,VH20260409_0007,2026-04-09,TW2592,4,Motorbike,Red,49,NW
VH20260409_0010_TW2592,VH20260409_0010,2026-04-09,TW2592,4,Car,White,25,SE
VH20260409_0007_TW2593,VH20260409_0007,2026-04-09,TW2593,4,Motorbike,Red,53,NW
VH20260409_0008_TW2593,VH20260409_0008,2026-04-09,TW2593,4,Motorbike,Black,0,N
VH20260409_0012_TW2593,VH20260409_0012,2026-04-09,TW2593,4,Car,Black,8,NW
VH20260409_0007_TW2594,VH20260409_0007,2026-04-09,TW2594,4,Motorbike,Red,49,NW
VH20260409_0012_TW2594,VH20260409_0012,2026-04-09,TW2594,4,Car,Black,7,W
VH20260409_0004_TW2594,VH20260409_0004,2026-04-09,TW2594,4,Car,Blue,58,W
VH20260409_0006_TW2594,VH20260409_0006,2026-04-09,TW2594,4,Car,Black,32,S
VH20260409_0001_TW2594,VH20260409_0001,2026-04-09,TW2594,4,Motorbike,Gray,30,SE
VH20260409_0011_TW2594,VH20260409_0011,2026-04-09,TW2594,4,Truck,Gray,53,SW
VH20260409_0003_TW2594,VH20260409_0003,2026-04-09,TW2594,4,Car,Black,21,NE
VH20260409_0004_TW2595,VH20260409_0004,2026-04-09,TW2595,4,Car,Blue,57,W
VH20260409_0010_TW2595,VH20260409_0010,2026-04-09,TW2595,4,Car,White,15,NE
VH20260409_0006_TW2595,VH20260409_0006,2026-04-09,TW2595,4,Car,Black,27,S
VH20260409_0012_TW2596,VH20260409_0012,2026-04-09,TW2596,4,Car,Black,1,W
VH20260409_0011_TW2597,VH20260409_0011,2026-04-09,TW2597,4,Truck,Gray,51,W
VH20260409_0009_TW2597,VH20260409_0009,2026-04-09,TW2597,4,Car,Red,53,SW
VH20260409_0003_TW2597,VH20260409_0003,2026-04-09,TW2597,4,Car,Black,34,NE
VH20260409_0001_TW2598,VH20260409_0001,2026-04-09,TW2598,4,Motorbike,Gray,33,SE
VH20260409_0001_TW2600,VH20260409_0001,2026-04-09,TW2600,4,Motorbike,Gray,35,SE
VH20260409_0002_TW2600,VH20260409_0002,2026-04-09,TW2600,4,Car,Black,5,NE
VH20260409_0012_TW2600,VH20260409_0012,2026-04-09,TW2600,4,Car,Black,1,SW
VH20260409_0006_TW2600,VH20260409_0006,2026-04-09,TW2600,4,Car,Black,17,SE
VH20260409_0011_TW2600,VH20260409_0011,2026-04-09,TW2600,4,Truck,Gray,47,SW
VH20260409_0006_TW2602,VH20260409_0006,2026-04-09,TW2602,4,Car,Black,3,SW
VH20260409_0007_TW2602,VH20260409_0007,2026-04-09,TW2602,4,Motorbike,Red,52,NW
VH20260409_0011_TW2602,VH20260409_0011,2026-04-09,TW2602,4,Truck,Gray,50,NW
VH20260409_0011_TW2604,VH20260409_0011,2026-04-09,TW2604,4,Truck,Gray,43,NW
VH20260409_0008_TW2604,VH20260409_0008,2026-04-09,TW2604,4,Motorbike,Black,20,W
VH20260409_0006_TW2604,VH20260409_0006,2026-04-09,TW2604,4,Car,Black,5,SW
VH20260409_0001_TW2607,VH20260409_0001,2026-04-09,TW2607,4,Motorbike,Gray,4,SW
VH20260409_0012_TW2607,VH20260409_0012,2026-04-09,TW2607,4,Car,Black,12,SW
VH20260409_0009_TW2607,VH20260409_0009,2026-04-09,TW2607,4,Car,Red,58,SW
VH20260409_0004_TW2608,VH20260409_0004,2026-04-09,TW2608,4,Car,Blue,60,E
VH20260409_0008_TW2608,VH20260409_0008,2026-04-09,TW2608,4,Motorbike,Black,13,NW
VH20260409_0011_TW2608,VH20260409_0011,2026-04-09,TW2608,4,Truck,Gray,41,N
VH20260409_0011_TW2609,VH20260409_0011,2026-04-09,TW2609,4,Truck,Gray,39,N
VH20260409_0007_TW2611,VH20260409_0007,2026-04-09,TW2611,4,Motorbike,Red,28,W
VH20260409_0002_TW2611,VH20260409_0002,2026-04-09,TW2611,4,Car,Black,19,SW
VH20260409_0001_TW2611,VH20260409_0001,2026-04-09,TW2611,4,Motorbike,Gray,0,W
VH20260409_0004_TW2611,VH20260409_0004,2026-04-09,TW2611,4,Car,Blue,60,NE
VH20260409_0003_TW2611,VH20260409_0003,2026-04-09,TW2611,4,Car,Black,23,S
VH20260409_0010_TW2611,VH20260409_0010,2026-04-09,TW2611,4,Car,White,58,W
VH20260409_0003_TW2612,VH20260409_0003,2026-04-09,TW2612,4,Car,Black,24,SE
VH20260409_0010_TW2612,VH20260409_0010,2026-04-09,TW2612,4,Car,White,60,W
VH20260409_0007_TW2612,VH20260409_0007,2026-04-09,TW2612,4,Motorbike,Red,31,W
VH20260409_0004_TW2614,VH20260409_0004,2026-04-09,TW2614,4,Car,Blue,47,NW
VH20260409_0012_TW2614,VH20260409_0012,2026-04-09,TW2614,4,Car,Black,20,W
VH20260409_0005_TW2614,VH20260409_0005,2026-04-09,TW2614,4,Car,Black,5,SW
VH20260409_0009_TW2614,VH20260409_0009,2026-04-09,TW2614,4,Car,Red,41,SW
VH20260409_0004_TW2615,VH20260409_0004,2026-04-09,TW2615,4,Car,Blue,45,W
VH20260409_0005_TW2615,VH20260409_0005,2026-04-09,TW2615,4,Car,Black,2,W
VH20260409_0007_TW2615,VH20260409_0007,2026-04-09,TW2615,4,Motorbike,Red,29,NW
VH20260409_0010_TW2617,VH20260409_0010,2026-04-09,TW2617,4,Car,White,55,SW
VH20260409_0009_TW2617,VH20260409_0009,2026-04-09,TW2617,4,Car,Red,27,W
VH20260409_0004_TW2617,VH20260409_0004,2026-04-09,TW2617,4,Car,Blue,40,S
VH20260409_0009_TW2618,VH20260409_0009,2026-04-09,TW2618,4,Car,Red,30,W
VH20260409_0011_TW2618,VH20260409_0011,2026-04-09,TW2618,4,Truck,Gray,44,NW
VH20260409_0004_TW2619,VH20260409_0004,2026-04-09,TW2619,4,Car,Blue,32,S
VH20260409_0012_TW2619,VH20260409_0012,2026-04-09,TW2619,4,Car,Black,7,NW
VH20260409_0010_TW2619,VH20260409_0010,2026-04-09,TW2619,4,Car,White,57,S
VH20260409_0005_TW2619,VH20260409_0005,2026-04-09,TW2619,4,Car,Black,0,S
VH20260409_0008_TW2619,VH20260409_0008,2026-04-09,TW2619,4,Motorbike,Black,14,W
VH20260409_0007_TW2619,VH20260409_0007,2026-04-09,TW2619,4,Motorbike,Red,18,E
VH20260409_0003_TW2619,VH20260409_0003,2026-04-09,TW2619,4,Car,Black,13,NE
VH20260409_0001_TW2619,VH20260409_0001,2026-04-09,TW2619,4,Motorbike,Gray,33,E
VH20260409_0010_TW2620,VH20260409_0010,2026-04-09,TW2620,4,Car,White,57,SW
VH20260409_0002_TW2620,VH20260409_0002,2026-04-09,TW2620,4,Car,Black,23,N
VH20260409_0006_TW2620,VH20260409_0006,2026-04-09,TW2620,4,Car,Black,12,E
VH20260409_0012_TW2621,VH20260409_0012,2026-04-09,TW2621,4,Car,Black,3,NE
VH20260409_0005_TW2621,VH20260409_0005,2026-04-09,TW2621,4,Car,Black,5,S
VH20260409_0004_TW2622,VH20260409_0004,2026-04-09,TW2622,4,Car,Blue,5,E
VH20260409_0011_TW2622,VH20260409_0011,2026-04-09,TW2622,4,Truck,Gray,34,SW
VH20260409_0010_TW2622,VH20260409_0010,2026-04-09,TW2622,4,Car,White,50,W
VH20260409_0002_TW2623,VH20260409_0002,2026-04-09,TW2623,4,Car,Black,8,N
VH20260409_0012_TW2624,VH20260409_0012,2026-04-09,TW2624,4,Car,Black,0,N
VH20260409_0002_TW2624,VH20260409_0002,2026-04-09,TW2624,4,Car,Black,12,N
VH20260409_0005_TW2624,VH20260409_0005,2026-04-09,TW2624,4,Car,Black,0,S
VH20260409_0004_TW2624,VH20260409_0004,2026-04-09,TW2624,4,Car,Blue,5,SE
VH20260409_0003_TW2624,VH20260409_0003,2026-04-09,TW2624,4,Car,Black,13,NE
VH20260409_0012_TW2625,VH20260409_0012,2026-04-09,TW2625,4,Car,Black,2,NW
VH20260409_0010_TW2625,VH20260409_0010,2026-04-09,TW2625,4,Car,White,44,W
VH20260409_0003_TW2625,VH20260409_0003,2026-04-09,TW2625,4,Car,Black,12,N
VH20260409_0008_TW2625,VH20260409_0008,2026-04-09,TW2625,4,Motorbike,Black,60,W
VH20260409_0004_TW2625,VH20260409_0004,2026-04-09,TW2625,4,Car,Blue,1,S
VH20260409_0009_TW2626,VH20260409_0009,2026-04-09,TW2626,4,Car,Red,27,SW
VH20260409_0011_TW2626,VH20260409_0011,2026-04-09,TW2626,4,Truck,Gray,36,SE
VH20260409_0002_TW2626,VH20260409_0002,2026-04-09,TW2626,4,Car,Black,13,N
VH20260409_0010_TW2626,VH20260409_0010,2026-04-09,TW2626,4,Car,White,47,NW
VH20260409_0008_TW2626,VH20260409_0008,2026-04-09,TW2626,4,Motorbike,Black,60,SW
VH20260409_0006_TW2626,VH20260409_0006,2026-04-09,TW2626,4,Car,Black,10,NE
VH20260409_0007_TW2626,VH20260409_0007,2026-04-09,TW2626,4,Motorbike,Red,47,N
VH20260409_0003_TW2628,VH20260409_0003,2026-04-09,TW2628,4,Car,Black,14,N
VH20260409_0002_TW2630,VH20260409_0002,2026-04-09,TW2630,4,Car,Black,48,NW
VH20260409_0010_TW2631,VH20260409_0010,2026-04-09,TW2631,4,Car,White,45,W
VH20260409_0011_TW2632,VH20260409_0011,2026-04-09,TW2632,4,Truck,Gray,38,SE
VH20260409_0004_TW2632,VH20260409_0004,2026-04-09,TW2632,4,Car,Blue,13,NE
VH20260409_0008_TW2632,VH20260409_0008,2026-04-09,TW2632,4,Motorbike,Black,51,SE
VH20260409_0010_TW2632,VH20260409_0010,2026-04-09,TW2632,4,Car,White,49,W
VH20260409_0009_TW2635,VH20260409_0009,2026-04-09,TW2635,4,Car,Red,16,NW
VH20260409_0004_TW2635,VH20260409_0004,2026-04-09,TW2635,4,Car,Blue,11,E
VH20260409_0006_TW2635,VH20260409_0006,2026-04-09,TW2635,4,Car,Black,6,E
VH20260409_0010_TW2635,VH20260409_0010,2026-04-09,TW2635,4,Car,White,54,W
VH20260409_0002_TW2637,VH20260409_0002,2026-04-09,TW2637,4,Car,Black,51,NW
VH20260409_0012_TW2637,VH20260409_0012,2026-04-09,TW2637,4,Car,Black,40,SE
VH20260409_0009_TW2637,VH20260409_0009,2026-04-09,TW2637,4,Car,Red,23,N
VH20260409_0004_TW2637,VH20260409_0004,2026-04-09,TW2637,4,Car,Blue,13,SE
VH20260409_0007_TW2637,VH20260409_0007,2026-04-09,TW2637,4,Motorbike,Red,60,NW
VH20260409_0002_TW2638,VH20260409_0002,2026-04-09,TW2638,4,Car,Black,52,W
VH20260409_0012_TW2638,VH20260409_0012,2026-04-09,TW2638,4,Car,Black,39,S
VH20260409_0001_TW2638,VH20260409_0001,2026-04-09,TW2638,4,Motorbike,Gray,36,SE
VH20260409_0003_TW2638,VH20260409_0003,2026-04-09,TW2638,4,Car,Black,22,E
VH20260409_0010_TW2638,VH20260409_0010,2026-04-09,TW2638,4,Car,White,60,SW
VH20260409_0008_TW2640,VH20260409_0008,2026-04-09,TW2640,4,Motorbike,Black,56,SE
VH20260409_0007_TW2640,VH20260409_0007,2026-04-09,TW2640,4,Motorbike,Red,60,SW
VH20260409_0012_TW2640,VH20260409_0012,2026-04-09,TW2640,4,Car,Black,39,SE
VH20260409_0009_TW2642,VH20260409_0009,2026-04-09,TW2642,4,Car,Red,19,N
VH20260409_0002_TW2642,VH20260409_0002,2026-04-09,TW2642,4,Car,Black,21,NE
VH20260409_0012_TW2642,VH20260409_0012,2026-04-09,TW2642,4,Car,Black,0,W
VH20260409_0008_TW2642,VH20260409_0008,2026-04-09,TW2642,4,Motorbike,Black,60,S
VH20260409_0009_TW2643,VH20260409_0009,2026-04-09,TW2643,4,Car,Red,16,N
VH20260409_0010_TW2643,VH20260409_0010,2026-04-09,TW2643,4,Car,White,40,S
VH20260409_0012_TW2644,VH20260409_0012,2026-04-09,TW2644,4,Car,Black,10,NW
VH20260409_0009_TW2644,VH20260409_0009,2026-04-09,TW2644,4,Car,Red,11,NW
VH20260409_0008_TW2645,VH20260409_0008,2026-04-09,TW2645,4,Motorbike,Black,57,S
VH20260409_0009_TW2645,VH20260409_0009,2026-04-09,TW2645,4,Car,Red,10,W
VH20260409_0010_TW2645,VH20260409_0010,2026-04-09,TW2645,4,Car,White,38,SW
VH20260409_0011_TW2645,VH20260409_0011,2026-04-09,TW2645,4,Truck,Gray,38,S
VH20260409_0007_TW2647,VH20260409_0007,2026-04-09,TW2647,4,Motorbike,Red,51,NW
VH20260409_0002_TW2648,VH20260409_0002,2026-04-09,TW2648,4,Car,Black,26,SE
VH20260409_0010_TW2648,VH20260409_0010,2026-04-09,TW2648,4,Car,White,47,NW
VH20260409_0010_TW2650,VH20260409_0010,2026-04-09,TW2650,4,Car,White,57,NW
VH20260409_0007_TW2650,VH20260409_0007,2026-04-09,TW2650,4,Motorbike,Red,52,W
VH20260409_0001_TW2650,VH20260409_0001,2026-04-09,TW2650,4,Motorbike,Gray,4,SE
VH20260409_0002_TW2653,VH20260409_0002,2026-04-09,TW2653,4,Car,Black,17,W
VH20260409_0005_TW2653,VH20260409_0005,2026-04-09,TW2653,4,Car,Black,35,S
VH20260409_0003_TW2653,VH20260409_0003,2026-04-09,TW2653,4,Car,Black,7,W
VH20260409_0007_TW2653,VH20260409_0007,2026-04-09,TW2653,4,Motorbike,Red,53,N
VH20260409_0007_TW2654,VH20260409_0007,2026-04-09,TW2654,4,Motorbike,Red,55,NW
VH20260409_0007_TW2655,VH20260409_0007,2026-04-09,TW2655,4,Motorbike,Red,50,W
VH20260409_0001_TW2655,VH20260409_0001,2026-04-09,TW2655,4,Motorbike,Gray,47,S
VH20260409_0008_TW2656,VH20260409_0008,2026-04-09,TW2656,4,Motorbike,Black,59,W
VH20260409_0001_TW2656,VH20260409_0001,2026-04-09,TW2656,4,Motorbike,Gray,44,SW
VH20260409_0007_TW2656,VH20260409_0007,2026-04-09,TW2656,4,Motorbike,Red,47,W
VH20260409_0006_TW2657,VH20260409_0006,2026-04-09,TW2657,4,Car,Black,54,S
VH20260409_0011_TW2657,VH20260409_0011,2026-04-09,TW2657,4,Truck,Gray,39,NE
VH20260409_0001_TW2661,VH20260409_0001,2026-04-09,TW2661,4,Motorbike,Gray,37,SE
VH20260409_0009_TW2662,VH20260409_0009,2026-04-09,TW2662,4,Car,Red,5,W
VH20260409_0005_TW2662,VH20260409_0005,2026-04-09,TW2662,4,Car,Black,20,NE
VH20260409_0001_TW2662,VH20260409_0001,2026-04-09,TW2662,4,Motorbike,Gray,34,SE
VH20260409_0008_TW2663,VH20260409_0008,2026-04-09,TW2663,4,Motorbike,Black,13,SE
VH20260409_0003_TW2663,VH20260409_0003,2026-04-09,TW2663,4,Car,Black,15,W
VH20260409_0002_TW2663,VH20260409_0002,2026-04-09,TW2663,4,Car,Black,27,NE
VH20260409_0007_TW2663,VH20260409_0007,2026-04-09,TW2663,4,Motorbike,Red,33,SW
VH20260409_0008_TW2664,VH20260409_0008,2026-04-09,TW2664,4,Motorbike,Black,13,E
VH20260409_0001_TW2664,VH20260409_0001,2026-04-09,TW2664,4,Motorbike,Gray,30,E
VH20260409_0012_TW2664,VH20260409_0012,2026-04-09,TW2664,4,Car,Black,24,NW
VH20260409_0002_TW2664,VH20260409_0002,2026-04-09,TW2664,4,Car,Black,23,NE
VH20260409_0010_TW2664,VH20260409_0010,2026-04-09,TW2664,4,Car,White,57,NE
VH20260409_0003_TW2664,VH20260409_0003,2026-04-09,TW2664,4,Car,Black,15,W
VH20260409_0010_TW2665,VH20260409_0010,2026-04-09,TW2665,4,Car,White,58,NE
VH20260409_0004_TW2666,VH20260409_0004,2026-04-09,TW2666,4,Car,Blue,50,NW
VH20260409_0003_TW2666,VH20260409_0003,2026-04-09,TW2666,4,Car,Black,19,S
VH20260409_0002_TW2666,VH20260409_0002,2026-04-09,TW2666,4,Car,Black,21,E
VH20260409_0005_TW2669,VH20260409_0005,2026-04-09,TW2669,4,Car,Black,43,N
VH20260409_0006_TW2669,VH20260409_0006,2026-04-09,TW2669,4,Car,Black,26,E
VH20260409_0005_TW2671,VH20260409_0005,2026-04-09,TW2671,4,Car,Black,49,E
VH20260409_0003_TW2671,VH20260409_0003,2026-04-09,TW2671,4,Car,Black,28,SE
VH20260409_0012_TW2671,VH20260409_0012,2026-04-09,TW2671,4,Car,Black,16,E
VH20260409_0008_TW2671,VH20260409_0008,2026-04-09,TW2671,4,Motorbike,Black,19,NE
VH20260409_0011_TW2671,VH20260409_0011,2026-04-09,TW2671,4,Truck,Gray,19,N
VH20260409_0001_TW2673,VH20260409_0001,2026-04-09,TW2673,4,Motorbike,Gray,22,E
VH20260409_0011_TW2674,VH20260409_0011,2026-04-09,TW2674,4,Truck,Gray,26,NE
VH20260409_0004_TW2674,VH20260409_0004,2026-04-09,TW2674,4,Car,Blue,45,SE
VH20260409_0005_TW2674,VH20260409_0005,2026-04-09,TW2674,4,Car,Black,53,NE
VH20260409_0009_TW2675,VH20260409_0009,2026-04-09,TW2675,4,Car,Red,45,W
VH20260409_0012_TW2675,VH20260409_0012,2026-04-09,TW2675,4,Car,Black,9,SE
VH20260409_0009_TW2676,VH20260409_0009,2026-04-09,TW2676,4,Car,Red,40,NW
VH20260409_0006_TW2677,VH20260409_0006,2026-04-09,TW2677,4,Car,Black,53,N
VH20260409_0009_TW2677,VH20260409_0009,2026-04-09,TW2677,4,Car,Red,36,N
VH20260409_0009_TW2678,VH20260409_0009,2026-04-09,TW2678,4,Car,Red,37,NW
VH20260409_0006_TW2679,VH20260409_0006,2026-04-09,TW2679,4,Car,Black,2,NW
VH20260409_0012_TW2679,VH20260409_0012,2026-04-09,TW2679,4,Car,Black,31,SW
VH20260409_0001_TW2680,VH20260409_0001,2026-04-09,TW2680,4,Motorbike,Gray,17,NE
VH20260409_0010_TW2681,VH20260409_0010,2026-04-09,TW2681,4,Car,White,51,NE
VH20260409_0011_TW2681,VH20260409_0011,2026-04-09,TW2681,4,Truck,Gray,23,SE
VH20260409_0002_TW2681,VH20260409_0002,2026-04-09,TW2681,4,Car,Black,41,S
VH20260409_0001_TW2682,VH20260409_0001,2026-04-09,TW2682,4,Motorbike,Gray,17,SE
VH20260409_0008_TW2683,VH20260409_0008,2026-04-09,TW2683,4,Motorbike,Black,16,NW
VH20260409_0002_TW2683,VH20260409_0002,2026-04-09,TW2683,4,Car,Black,50,E
VH20260409_0003_TW2683,VH20260409_0003,2026-04-09,TW2683,4,Car,Black,36,NE
VH20260409_0005_TW2683,VH20260409_0005,2026-04-09,TW2683,4,Car,Black,60,SW
VH20260409_0004_TW2683,VH20260409_0004,2026-04-09,TW2683,4,Car,Blue,54,NW
VH20260409_0009_TW2686,VH20260409_0009,2026-04-09,TW2686,4,Car,Red,29,E
VH20260409_0005_TW2686,VH20260409_0005,2026-04-09,TW2686,4,Car,Black,56,E
VH20260409_0004_TW2686,VH20260409_0004,2026-04-09,TW2686,4,Car,Blue,50,NW
VH20260409_0005_TW2687,VH20260409_0005,2026-04-09,TW2687,4,Car,Black,52,NE
VH20260409_0006_TW2687,VH20260409_0006,2026-04-09,TW2687,4,Car,Black,43,SW
VH20260409_0001_TW2687,VH20260409_0001,2026-04-09,TW2687,4,Motorbike,Gray,10,E
VH20260409_0003_TW2687,VH20260409_0003,2026-04-09,TW2687,4,Car,Black,33,E
VH20260409_0010_TW2687,VH20260409_0010,2026-04-09,TW2687,4,Car,White,58,NW
VH20260409_0011_TW2687,VH20260409_0011,2026-04-09,TW2687,4,Truck,Gray,14,E
VH20260409_0007_TW2688,VH20260409_0007,2026-04-09,TW2688,4,Motorbike,Red,36,N
VH20260409_0001_TW2688,VH20260409_0001,2026-04-09,TW2688,4,Motorbike,Gray,14,E
VH20260409_0011_TW2689,VH20260409_0011,2026-04-09,TW2689,4,Truck,Gray,14,N
VH20260409_0001_TW2689,VH20260409_0001,2026-04-09,TW2689,4,Motorbike,Gray,9,E
VH20260409_0007_TW2691,VH20260409_0007,2026-04-09,TW2691,4,Motorbike,Red,38,NE
VH20260409_0004_TW2691,VH20260409_0004,2026-04-09,TW2691,4,Car,Blue,50,NW
VH20260409_0011_TW2691,VH20260409_0011,2026-04-09,TW2691,4,Truck,Gray,13,N
VH20260409_0002_TW2691,VH20260409_0002,2026-04-09,TW2691,4,Car,Black,41,NW
VH20260409_0011_TW2692,VH20260409_0011,2026-04-09,TW2692,4,Truck,Gray,15,N
VH20260409_0005_TW2693,VH20260409_0005,2026-04-09,TW2693,4,Car,Black,56,W
VH20260409_0009_TW2693,VH20260409_0009,2026-04-09,TW2693,4,Car,Red,35,SW
VH20260409_0008_TW2695,VH20260409_0008,2026-04-09,TW2695,4,Motorbike,Black,23,NE
VH20260409_0005_TW2695,VH20260409_0005,2026-04-09,TW2695,4,Car,Black,60,W
VH20260409_0004_TW2695,VH20260409_0004,2026-04-09,TW2695,4,Car,Blue,42,N
VH20260409_0006_TW2696,VH20260409_0006,2026-04-09,TW2696,4,Car,Black,22,SW
VH20260409_0012_TW2696,VH20260409_0012,2026-04-09,TW2696,4,Car,Black,7,SE
VH20260409_0010_TW2696,VH20260409_0010,2026-04-09,TW2696,4,Car,White,57,SW
VH20260409_0006_TW2697,VH20260409_0006,2026-04-09,TW2697,4,Car,Black,22,SW
VH20260409_0011_TW2698,VH20260409_0011,2026-04-09,TW2698,4,Truck,Gray,7,SE
VH20260409_0010_TW2700,VH20260409_0010,2026-04-09,TW2700,4,Car,White,52,W
VH20260409_0004_TW2700,VH20260409_0004,2026-04-09,TW2700,4,Car,Blue,37,N
VH20260409_0007_TW2700,VH20260409_0007,2026-04-09,TW2700,4,Motorbike,Red,35,NE
VH20260409_0010_TW2701,VH20260409_0010,2026-04-09,TW2701,4,Car,White,49,SW
VH20260409_0001_TW2701,VH20260409_0001,2026-04-09,TW2701,4,Motorbike,Gray,53,SW
VH20260409_0006_TW2701,VH20260409_0006,2026-04-09,TW2701,4,Car,Black,27,W
VH20260409_0005_TW2701,VH20260409_0005,2026-04-09,TW2701,4,Car,Black,51,NW
VH20260409_0010_TW2702,VH20260409_0010,2026-04-09,TW2702,4,Car,White,51,W
VH20260409_0008_TW2703,VH20260409_0008,2026-04-09,TW2703,4,Motorbike,Black,33,S
VH20260409_0011_TW2703,VH20260409_0011,2026-04-09,TW2703,4,Truck,Gray,16,S
VH20260409_0006_TW2703,VH20260409_0006,2026-04-09,TW2703,4,Car,Black,27,W
VH20260409_0003_TW2704,VH20260409_0003,2026-04-09,TW2704,4,Car,Black,31,N
VH20260409_0006_TW2704,VH20260409_0006,2026-04-09,TW2704,4,Car,Black,32,NW
VH20260409_0007_TW2706,VH20260409_0007,2026-04-09,TW2706,4,Motorbike,Red,8,SW
VH20260409_0008_TW2706,VH20260409_0008,2026-04-09,TW2706,4,Motorbike,Black,36,SW
VH20260409_0007_TW2707,VH20260409_0007,2026-04-09,TW2707,4,Motorbike,Red,12,S
VH20260409_0005_TW2709,VH20260409_0005,2026-04-09,TW2709,4,Car,Black,60,E
VH20260409_0001_TW2710,VH20260409_0001,2026-04-09,TW2710,4,Motorbike,Gray,48,SE
VH20260409_0011_TW2710,VH20260409_0011,2026-04-09,TW2710,4,Truck,Gray,45,NW
VH20260409_0007_TW2710,VH20260409_0007,2026-04-09,TW2710,4,Motorbike,Red,9,NE
VH20260409_0009_TW2710,VH20260409_0009,2026-04-09,TW2710,4,Car,Red,60,SE
VH20260409_0009_TW2711,VH20260409_0009,2026-04-09,TW2711,4,Car,Red,60,S
VH20260409_0010_TW2711,VH20260409_0010,2026-04-09,TW2711,4,Car,White,56,SW
VH20260409_0006_TW2712,VH20260409_0006,2026-04-09,TW2712,4,Car,Black,25,W
VH20260409_0012_TW2712,VH20260409_0012,2026-04-09,TW2712,4,Car,Black,9,SW
VH20260409_0010_TW2712,VH20260409_0010,2026-04-09,TW2712,4,Car,White,51,W
VH20260409_0011_TW2712,VH20260409_0011,2026-04-09,TW2712,4,Truck,Gray,22,S
VH20260409_0009_TW2712,VH20260409_0009,2026-04-09,TW2712,4,Car,Red,60,S
VH20260409_0005_TW2712,VH20260409_0005,2026-04-09,TW2712,4,Car,Black,58,NE
VH20260409_0004_TW2712,VH20260409_0004,2026-04-09,TW2712,4,Car,Blue,28,W
VH20260409_0004_TW2713,VH20260409_0004,2026-04-09,TW2713,4,Car,Blue,23,W
VH20260409_0008_TW2713,VH20260409_0008,2026-04-09,TW2713,4,Motorbike,Black,39,SW
VH20260409_0006_TW2713,VH20260409_0006,2026-04-09,TW2713,4,Car,Black,28,NW
VH20260409_0003_TW2714,VH20260409_0003,2026-04-09,TW2714,4,Car,Black,32,NW
VH20260409_0012_TW2714,VH20260409_0012,2026-04-09,TW2714,4,Car,Black,8,SE
VH20260409_0012_TW2716,VH20260409_0012,2026-04-09,TW2716,4,Car,Black,15,E
VH20260409_0001_TW2716,VH20260409_0001,2026-04-09,TW2716,4,Motorbike,Gray,51,SE
VH20260409_0006_TW2717,VH20260409_0006,2026-04-09,TW2717,4,Car,Black,26,NE
VH20260409_0006_TW2719,VH20260409_0006,2026-04-09,TW2719,4,Car,Black,28,SE
VH20260409_0004_TW2719,VH20260409_0004,2026-04-09,TW2719,4,Car,Blue,16,SE
VH20260409_0010_TW2719,VH20260409_0010,2026-04-09,TW2719,4,Car,White,49,SE
VH20260409_0012_TW2721,VH20260409_0012,2026-04-09,TW2721,4,Car,Black,9,W
VH20260409_0004_TW2721,VH20260409_0004,2026-04-09,TW2721,4,Car,Blue,49,NE
VH20260409_0003_TW2722,VH20260409_0003,2026-04-09,TW2722,4,Car,Black,9,NW
VH20260409_0001_TW2722,VH20260409_0001,2026-04-09,TW2722,4,Motorbike,Gray,50,SE
VH20260409_0006_TW2723,VH20260409_0006,2026-04-09,TW2723,4,Car,Black,20,NE
VH20260409_0005_TW2723,VH20260409_0005,2026-04-09,TW2723,4,Car,Black,0,S
VH20260409_0012_TW2723,VH20260409_0012,2026-04-09,TW2723,4,Car,Black,7,W
VH20260409_0002_TW2725,VH20260409_0002,2026-04-09,TW2725,4,Car,Black,17,NE
VH20260409_0003_TW2725,VH20260409_0003,2026-04-09,TW2725,4,Car,Black,15,N
VH20260409_0011_TW2725,VH20260409_0011,2026-04-09,TW2725,4,Truck,Gray,12,E
VH20260409_0007_TW2725,VH20260409_0007,2026-04-09,TW2725,4,Motorbike,Red,31,NW
VH20260409_0009_TW2726,VH20260409_0009,2026-04-09,TW2726,4,Car,Red,50,W
VH20260409_0008_TW2726,VH20260409_0008,2026-04-09,TW2726,4,Motorbike,Black,23,N
VH20260409_0007_TW2733,VH20260409_0007,2026-04-09,TW2733,4,Motorbike,Red,18,W
VH20260409_0004_TW2733,VH20260409_0004,2026-04-09,TW2733,4,Car,Blue,39,W
VH20260409_0003_TW2733,VH20260409_0003,2026-04-09,TW2733,4,Car,Black,20,W
VH20260409_0009_TW2733,VH20260409_0009,2026-04-09,TW2733,4,Car,Red,53,SW
VH20260409_0004_TW2734,VH20260409_0004,2026-04-09,TW2734,4,Car,Blue,36,NW
VH20260409_0010_TW2734,VH20260409_0010,2026-04-09,TW2734,4,Car,White,38,N
VH20260409_0005_TW2734,VH20260409_0005,2026-04-09,TW2734,4,Car,Black,10,NE
VH20260409_0011_TW2734,VH20260409_0011,2026-04-09,TW2734,4,Truck,Gray,20,N
VH20260409_0009_TW2734,VH20260409_0009,2026-04-09,TW2734,4,Car,Red,52,W
VH20260409_0007_TW2735,VH20260409_0007,2026-04-09,TW2735,4,Motorbike,Red,14,SW
VH20260409_0001_TW2735,VH20260409_0001,2026-04-09,TW2735,4,Motorbike,Gray,58,W
VH20260409_0009_TW2736,VH20260409_0009,2026-04-09,TW2736,4,Car,Red,50,SW
VH20260409_0001_TW2736,VH20260409_0001,2026-04-09,TW2736,4,Motorbike,Gray,56,SW
VH20260409_0006_TW2736,VH20260409_0006,2026-04-09,TW2736,4,Car,Black,37,E
VH20260409_0003_TW2736,VH20260409_0003,2026-04-09,TW2736,4,Car,Black,27,W
VH20260409_0007_TW2737,VH20260409_0007,2026-04-09,TW2737,4,Motorbike,Red,58,N
VH20260409_0001_TW2737,VH20260409_0001,2026-04-09,TW2737,4,Motorbike,Gray,57,SW
VH20260409_0004_TW2737,VH20260409_0004,2026-04-09,TW2737,4,Car,Blue,26,NW
VH20260409_0006_TW2737,VH20260409_0006,2026-04-09,TW2737,4,Car,Black,33,E
VH20260409_0009_TW2738,VH20260409_0009,2026-04-09,TW2738,4,Car,Red,52,S
VH20260409_0003_TW2739,VH20260409_0003,2026-04-09,TW2739,4,Car,Black,33,W
VH20260409_0010_TW2741,VH20260409_0010,2026-04-09,TW2741,4,Car,White,44,E
VH20260409_0002_TW2741,VH20260409_0002,2026-04-09,TW2741,4,Car,Black,2,NW
VH20260409_0012_TW2741,VH20260409_0012,2026-04-09,TW2741,4,Car,Black,30,NE
VH20260409_0011_TW2741,VH20260409_0011,2026-04-09,TW2741,4,Truck,Gray,16,W
VH20260409_0006_TW2741,VH20260409_0006,2026-04-09,TW2741,4,Car,Black,43,E
VH20260409_0006_TW2742,VH20260409_0006,2026-04-09,TW2742,4,Car,Black,44,E
VH20260409_0001_TW2742,VH20260409_0001,2026-04-09,TW2742,4,Motorbike,Gray,60,SE
VH20260409_0006_TW2743,VH20260409_0006,2026-04-09,TW2743,4,Car,Black,45,NE
VH20260409_0008_TW2743,VH20260409_0008,2026-04-09,TW2743,4,Motorbike,Black,21,NW
VH20260409_0012_TW2743,VH20260409_0012,2026-04-09,TW2743,4,Car,Black,37,NW
VH20260409_0006_TW2744,VH20260409_0006,2026-04-09,TW2744,4,Car,Black,46,NE
VH20260409_0010_TW2744,VH20260409_0010,2026-04-09,TW2744,4,Car,White,41,N
VH20260409_0001_TW2745,VH20260409_0001,2026-04-09,TW2745,4,Motorbike,Gray,49,N
VH20260409_0004_TW2745,VH20260409_0004,2026-04-09,TW2745,4,Car,Blue,27,N
VH20260409_0010_TW2745,VH20260409_0010,2026-04-09,TW2745,4,Car,White,40,NE
VH20260409_0007_TW2745,VH20260409_0007,2026-04-09,TW2745,4,Motorbike,Red,60,N
VH20260409_0002_TW2745,VH20260409_0002,2026-04-09,TW2745,4,Car,Black,10,W
VH20260409_0011_TW2746,VH20260409_0011,2026-04-09,TW2746,4,Truck,Gray,27,S
VH20260409_0003_TW2746,VH20260409_0003,2026-04-09,TW2746,4,Car,Black,34,NW
VH20260409_0004_TW2746,VH20260409_0004,2026-04-09,TW2746,4,Car,Blue,32,NE
VH20260409_0010_TW2746,VH20260409_0010,2026-04-09,TW2746,4,Car,White,38,N
VH20260409_0008_TW2746,VH20260409_0008,2026-04-09,TW2746,4,Motorbike,Black,30,W
VH20260409_0002_TW2746,VH20260409_0002,2026-04-09,TW2746,4,Car,Black,8,SW
VH20260409_0012_TW2746,VH20260409_0012,2026-04-09,TW2746,4,Car,Black,39,NE
VH20260409_0009_TW2746,VH20260409_0009,2026-04-09,TW2746,4,Car,Red,39,NW
VH20260409_0004_TW2747,VH20260409_0004,2026-04-09,TW2747,4,Car,Blue,34,N
VH20260409_0006_TW2747,VH20260409_0006,2026-04-09,TW2747,4,Car,Black,45,E
VH20260409_0011_TW2747,VH20260409_0011,2026-04-09,TW2747,4,Truck,Gray,25,SW
VH20260409_0001_TW2747,VH20260409_0001,2026-04-09,TW2747,4,Motorbike,Gray,52,N
VH20260409_0006_TW2748,VH20260409_0006,2026-04-09,TW2748,4,Car,Black,48,NE
VH20260409_0002_TW2748,VH20260409_0002,2026-04-09,TW2748,4,Car,Black,7,NW
VH20260409_0011_TW2748,VH20260409_0011,2026-04-09,TW2748,4,Truck,Gray,20,W
VH20260409_0001_TW2748,VH20260409_0001,2026-04-09,TW2748,4,Motorbike,Gray,50,NE
VH20260409_0005_TW2749,VH20260409_0005,2026-04-09,TW2749,4,Car,Black,36,SE
VH20260409_0003_TW2750,VH20260409_0003,2026-04-09,TW2750,4,Car,Black,40,N
VH20260409_0012_TW2750,VH20260409_0012,2026-04-09,TW2750,4,Car,Black,46,NE
VH20260409_0010_TW2750,VH20260409_0010,2026-04-09,TW2750,4,Car,White,37,N
VH20260409_0008_TW2753,VH20260409_0008,2026-04-09,TW2753,4,Motorbike,Black,25,S
VH20260409_0009_TW2753,VH20260409_0009,2026-04-09,TW2753,4,Car,Red,34,N
VH20260409_0012_TW2753,VH20260409_0012,2026-04-09,TW2753,4,Car,Black,46,NW
VH20260409_0002_TW2753,VH20260409_0002,2026-04-09,TW2753,4,Car,Black,46,S
VH20260409_0001_TW2753,VH20260409_0001,2026-04-09,TW2753,4,Motorbike,Gray,47,S
VH20260409_0003_TW2753,VH20260409_0003,2026-04-09,TW2753,4,Car,Black,49,NE
VH20260409_0004_TW2754,VH20260409_0004,2026-04-09,TW2754,4,Car,Blue,34,W
VH20260409_0003_TW2754,VH20260409_0003,2026-04-09,TW2754,4,Car,Black,46,E
VH20260409_0007_TW2754,VH20260409_0007,2026-04-09,TW2754,4,Motorbike,Red,37,SE
VH20260409_0005_TW2754,VH20260409_0005,2026-04-09,TW2754,4,Car,Black,18,SE
VH20260409_0002_TW2754,VH20260409_0002,2026-04-09,TW2754,4,Car,Black,49,SW
VH20260409_0004_TW2755,VH20260409_0004,2026-04-09,TW2755,4,Car,Blue,39,NW
VH20260409_0010_TW2755,VH20260409_0010,2026-04-09,TW2755,4,Car,White,39,E
VH20260409_0003_TW2755,VH20260409_0003,2026-04-09,TW2755,4,Car,Black,44,SE
VH20260409_0010_TW2756,VH20260409_0010,2026-04-09,TW2756,4,Car,White,37,SE
VH20260409_0003_TW2756,VH20260409_0003,2026-04-09,TW2756,4,Car,Black,47,SE
VH20260409_0011_TW2756,VH20260409_0011,2026-04-09,TW2756,4,Truck,Gray,31,N
VH20260409_0004_TW2756,VH20260409_0004,2026-04-09,TW2756,4,Car,Blue,36,W
VH20260409_0011_TW2757,VH20260409_0011,2026-04-09,TW2757,4,Truck,Gray,32,NE
VH20260409_0012_TW2757,VH20260409_0012,2026-04-09,TW2757,4,Car,Black,37,NE
VH20260409_0008_TW2757,VH20260409_0008,2026-04-09,TW2757,4,Motorbike,Black,39,S
VH20260409_0006_TW2758,VH20260409_0006,2026-04-09,TW2758,4,Car,Black,15,N
VH20260409_0010_TW2758,VH20260409_0010,2026-04-09,TW2758,4,Car,White,27,NE
VH20260409_0001_TW2758,VH20260409_0001,2026-04-09,TW2758,4,Motorbike,Gray,54,S
VH20260409_0010_TW2759,VH20260409_0010,2026-04-09,TW2759,4,Car,White,26,N
VH20260409_0012_TW2759,VH20260409_0012,2026-04-09,TW2759,4,Car,Black,42,SE
VH20260409_0012_TW2761,VH20260409_0012,2026-04-09,TW2761,4,Car,Black,37,NE
VH20260409_0001_TW2761,VH20260409_0001,2026-04-09,TW2761,4,Motorbike,Gray,53,E
VH20260409_0004_TW2761,VH20260409_0004,2026-04-09,TW2761,4,Car,Blue,47,NW
VH20260409_0010_TW2761,VH20260409_0010,2026-04-09,TW2761,4,Car,White,22,NE
VH20260409_0002_TW2761,VH20260409_0002,2026-04-09,TW2761,4,Car,Black,59,W
VH20260409_0002_TW2762,VH20260409_0002,2026-04-09,TW2762,4,Car,Black,54,SW
VH20260409_0007_TW2762,VH20260409_0007,2026-04-09,TW2762,4,Motorbike,Red,39,N
VH20260409_0001_TW2762,VH20260409_0001,2026-04-09,TW2762,4,Motorbike,Gray,44,W
VH20260409_0007_TW2763,VH20260409_0007,2026-04-09,TW2763,4,Motorbike,Red,39,NE
VH20260409_0008_TW2763,VH20260409_0008,2026-04-09,TW2763,4,Motorbike,Black,60,W
VH20260409_0006_TW2766,VH20260409_0006,2026-04-09,TW2766,4,Car,Black,15,E
VH20260409_0003_TW2766,VH20260409_0003,2026-04-09,TW2766,4,Car,Black,0,N
VH20260409_0006_TW2768,VH20260409_0006,2026-04-09,TW2768,4,Car,Black,16,NE
VH20260409_0003_TW2768,VH20260409_0003,2026-04-09,TW2768,4,Car,Black,4,NW
VH20260409_0002_TW2770,VH20260409_0002,2026-04-09,TW2770,4,Car,Black,54,NE
VH20260409_0007_TW2770,VH20260409_0007,2026-04-09,TW2770,4,Motorbike,Red,36,S
VH20260409_0011_TW2770,VH20260409_0011,2026-04-09,TW2770,4,Truck,Gray,36,SE
VH20260409_0006_TW2771,VH20260409_0006,2026-04-09,TW2771,4,Car,Black,22,E
VH20260409_0012_TW2771,VH20260409_0012,2026-04-09,TW2771,4,Car,Black,28,SW
VH20260409_0010_TW2771,VH20260409_0010,2026-04-09,TW2771,4,Car,White,21,N
VH20260409_0006_TW2772,VH20260409_0006,2026-04-09,TW2772,4,Car,Black,27,NE
VH20260409_0009_TW2773,VH20260409_0009,2026-04-09,TW2773,4,Car,Red,17,N
VH20260409_0001_TW2773,VH20260409_0001,2026-04-09,TW2773,4,Motorbike,Gray,28,W
VH20260409_0007_TW2773,VH20260409_0007,2026-04-09,TW2773,4,Motorbike,Red,40,S
VH20260409_0006_TW2773,VH20260409_0006,2026-04-09,TW2773,4,Car,Black,27,NE
VH20260409_0009_TW2776,VH20260409_0009,2026-04-09,TW2776,4,Car,Red,44,W
VH20260409_0010_TW2776,VH20260409_0010,2026-04-09,TW2776,4,Car,White,23,N
VH20260409_0005_TW2776,VH20260409_0005,2026-04-09,TW2776,4,Car,Black,18,SE
VH20260409_0009_TW2777,VH20260409_0009,2026-04-09,TW2777,4,Car,Red,39,W
VH20260409_0005_TW2777,VH20260409_0005,2026-04-09,TW2777,4,Car,Black,19,S
VH20260409_0004_TW2777,VH20260409_0004,2026-04-09,TW2777,4,Car,Blue,41,NE
VH20260409_0006_TW2777,VH20260409_0006,2026-04-09,TW2777,4,Car,Black,26,NW
VH20260409_0004_TW2778,VH20260409_0004,2026-04-09,TW2778,4,Car,Blue,38,N
VH20260409_0012_TW2778,VH20260409_0012,2026-04-09,TW2778,4,Car,Black,17,SE
VH20260409_0001_TW2778,VH20260409_0001,2026-04-09,TW2778,4,Motorbike,Gray,33,SW
VH20260409_0002_TW2778,VH20260409_0002,2026-04-09,TW2778,4,Car,Black,49,E
VH20260409_0010_TW2780,VH20260409_0010,2026-04-09,TW2780,4,Car,White,23,N
VH20260409_0003_TW2780,VH20260409_0003,2026-04-09,TW2780,4,Car,Black,14,S
VH20260409_0005_TW2780,VH20260409_0005,2026-04-09,TW2780,4,Car,Black,17,S
VH20260409_0004_TW2781,VH20260409_0004,2026-04-09,TW2781,4,Car,Blue,30,E
VH20260409_0006_TW2784,VH20260409_0006,2026-04-09,TW2784,4,Car,Black,22,W
VH20260409_0008_TW2784,VH20260409_0008,2026-04-09,TW2784,4,Motorbike,Black,55,SE
VH20260409_0007_TW2784,VH20260409_0007,2026-04-09,TW2784,4,Motorbike,Red,6,S
VH20260409_0004_TW2784,VH20260409_0004,2026-04-09,TW2784,4,Car,Blue,29,SE
VH20260409_0002_TW2785,VH20260409_0002,2026-04-09,TW2785,4,Car,Black,55,SW
VH20260409_0008_TW2785,VH20260409_0008,2026-04-09,TW2785,4,Motorbike,Black,59,S
VH20260409_0009_TW2786,VH20260409_0009,2026-04-09,TW2786,4,Car,Red,36,E
VH20260409_0006_TW2786,VH20260409_0006,2026-04-09,TW2786,4,Car,Black,21,SW
VH20260409_0012_TW2787,VH20260409_0012,2026-04-09,TW2787,4,Car,Black,19,NW
VH20260409_0004_TW2787,VH20260409_0004,2026-04-09,TW2787,4,Car,Blue,23,S
VH20260409_0008_TW2787,VH20260409_0008,2026-04-09,TW2787,4,Motorbike,Black,56,S
VH20260409_0010_TW2787,VH20260409_0010,2026-04-09,TW2787,4,Car,White,25,NW
VH20260409_0006_TW2787,VH20260409_0006,2026-04-09,TW2787,4,Car,Black,18,S
VH20260409_0002_TW2789,VH20260409_0002,2026-04-09,TW2789,4,Car,Black,54,SE
VH20260409_0004_TW2790,VH20260409_0004,2026-04-09,TW2790,4,Car,Blue,28,SE
VH20260409_0010_TW2790,VH20260409_0010,2026-04-09,TW2790,4,Car,White,20,S
VH20260409_0008_TW2790,VH20260409_0008,2026-04-09,TW2790,4,Motorbike,Black,60,W
VH20260409_0005_TW2790,VH20260409_0005,2026-04-09,TW2790,4,Car,Black,23,N
VH20260409_0003_TW2790,VH20260409_0003,2026-04-09,TW2790,4,Car,Black,5,NW
VH20260409_0003_TW2792,VH20260409_0003,2026-04-09,TW2792,4,Car,Black,2,SW
VH20260409_0012_TW2792,VH20260409_0012,2026-04-09,TW2792,4,Car,Black,22,SW
VH20260409_0006_TW2793,VH20260409_0006,2026-04-09,TW2793,4,Car,Black,11,S
VH20260409_0001_TW2793,VH20260409_0001,2026-04-09,TW2793,4,Motorbike,Gray,47,S
VH20260409_0004_TW2793,VH20260409_0004,2026-04-09,TW2793,4,Car,Blue,32,SE
VH20260409_0005_TW2793,VH20260409_0005,2026-04-09,TW2793,4,Car,Black,29,NW
VH20260409_0007_TW2793,VH20260409_0007,2026-04-09,TW2793,4,Motorbike,Red,44,E
VH20260409_0002_TW2794,VH20260409_0002,2026-04-09,TW2794,4,Car,Black,51,S
VH20260409_0007_TW2794,VH20260409_0007,2026-04-09,TW2794,4,Motorbike,Red,39,E
VH20260409_0009_TW2794,VH20260409_0009,2026-04-09,TW2794,4,Car,Red,21,SW
VH20260409_0003_TW2794,VH20260409_0003,2026-04-09,TW2794,4,Car,Black,58,SE
VH20260409_0002_TW2795,VH20260409_0002,2026-04-09,TW2795,4,Car,Black,50,SW
VH20260409_0009_TW2795,VH20260409_0009,2026-04-09,TW2795,4,Car,Red,25,W
VH20260409_0004_TW2796,VH20260409_0004,2026-04-09,TW2796,4,Car,Blue,37,E
VH20260409_0005_TW2796,VH20260409_0005,2026-04-09,TW2796,4,Car,Black,29,NW
VH20260409_0007_TW2796,VH20260409_0007,2026-04-09,TW2796,4,Motorbike,Red,22,S
VH20260409_0007_TW2797,VH20260409_0007,2026-04-09,TW2797,4,Motorbike,Red,26,SW
VH20260409_0005_TW2797,VH20260409_0005,2026-04-09,TW2797,4,Car,Black,29,W
VH20260409_0001_TW2797,VH20260409_0001,2026-04-09,TW2797,4,Motorbike,Gray,47,W
VH20260409_0010_TW2797,VH20260409_0010,2026-04-09,TW2797,4,Car,White,8,NE
VH20260409_0007_TW2798,VH20260409_0007,2026-04-09,TW2798,4,Motorbike,Red,23,SW
VH20260409_0010_TW2798,VH20260409_0010,2026-04-09,TW2798,4,Car,White,6,N
VH20260409_0003_TW2798,VH20260409_0003,2026-04-09,TW2798,4,Car,Black,53,NE
VH20260409_0011_TW2800,VH20260409_0011,2026-04-09,TW2800,4,Truck,Gray,36,NE
VH20260409_0010_TW2800,VH20260409_0010,2026-04-09,TW2800,4,Car,White,3,N
VH20260409_0004_TW2800,VH20260409_0004,2026-04-09,TW2800,4,Car,Blue,37,NE
VH20260409_0011_TW2802,VH20260409_0011,2026-04-09,TW2802,4,Truck,Gray,30,NE
VH20260409_0009_TW2802,VH20260409_0009,2026-04-09,TW2802,4,Car,Red,24,SW
VH20260409_0007_TW2802,VH20260409_0007,2026-04-09,TW2802,4,Motorbike,Red,21,S
VH20260409_0010_TW2802,VH20260409_0010,2026-04-09,TW2802,4,Car,White,0,W
VH20260409_0002_TW2803,VH20260409_0002,2026-04-09,TW2803,4,Car,Black,47,N
VH20260409_0006_TW2803,VH20260409_0006,2026-04-09,TW2803,4,Car,Black,12,SW
VH20260409_0009_TW2803,VH20260409_0009,2026-04-09,TW2803,4,Car,Red,29,W
VH20260409_0012_TW2803,VH20260409_0012,2026-04-09,TW2803,4,Car,Black,18,W
VH20260409_0004_TW2803,VH20260409_0004,2026-04-09,TW2803,4,Car,Blue,35,N
VH20260409_0008_TW2803,VH20260409_0008,2026-04-09,TW2803,4,Motorbike,Black,48,E
VH20260409_0002_TW2805,VH20260409_0002,2026-04-09,TW2805,4,Car,Black,53,N
VH20260409_0011_TW2805,VH20260409_0011,2026-04-09,TW2805,4,Truck,Gray,21,NE
VH20260409_0006_TW2805,VH20260409_0006,2026-04-09,TW2805,4,Car,Black,51,E
VH20260409_0001_TW2805,VH20260409_0001,2026-04-09,TW2805,4,Motorbike,Gray,38,W
VH20260409_0012_TW2805,VH20260409_0012,2026-04-09,TW2805,4,Car,Black,25,NW
VH20260409_0006_TW2806,VH20260409_0006,2026-04-09,TW2806,4,Car,Black,52,NE
VH20260409_0008_TW2806,VH20260409_0008,2026-04-09,TW2806,4,Motorbike,Black,55,NE
VH20260409_0012_TW2807,VH20260409_0012,2026-04-09,TW2807,4,Car,Black,31,N
VH20260409_0010_TW2807,VH20260409_0010,2026-04-09,TW2807,4,Car,White,56,W
VH20260409_0004_TW2807,VH20260409_0004,2026-04-09,TW2807,4,Car,Blue,35,W
VH20260409_0009_TW2807,VH20260409_0009,2026-04-09,TW2807,4,Car,Red,18,W
VH20260409_0011_TW2807,VH20260409_0011,2026-04-09,TW2807,4,Truck,Gray,15,NE
VH20260409_0001_TW2807,VH20260409_0001,2026-04-09,TW2807,4,Motorbike,Gray,36,S
VH20260409_0008_TW2807,VH20260409_0008,2026-04-09,TW2807,4,Motorbike,Black,51,N
VH20260409_0007_TW2807,VH20260409_0007,2026-04-09,TW2807,4,Motorbike,Red,19,SE
VH20260409_0010_TW2808,VH20260409_0010,2026-04-09,TW2808,4,Car,White,52,NW
VH20260409_0005_TW2808,VH20260409_0005,2026-04-09,TW2808,4,Car,Black,52,SE
VH20260409_0002_TW2809,VH20260409_0002,2026-04-09,TW2809,4,Car,Black,50,NW
VH20260409_0008_TW2809,VH20260409_0008,2026-04-09,TW2809,4,Motorbike,Black,47,NE
VH20260409_0003_TW2810,VH20260409_0003,2026-04-09,TW2810,4,Car,Black,37,SE
VH20260409_0009_TW2810,VH20260409_0009,2026-04-09,TW2810,4,Car,Red,57,SW
VH20260409_0010_TW2810,VH20260409_0010,2026-04-09,TW2810,4,Car,White,51,N
VH20260409_0005_TW2811,VH20260409_0005,2026-04-09,TW2811,4,Car,Black,47,SW
VH20260409_0008_TW2811,VH20260409_0008,2026-04-09,TW2811,4,Motorbike,Black,49,N
VH20260409_0011_TW2812,VH20260409_0011,2026-04-09,TW2812,4,Truck,Gray,17,NW
VH20260409_0009_TW2813,VH20260409_0009,2026-04-09,TW2813,4,Car,Red,60,NW
VH20260409_0011_TW2813,VH20260409_0011,2026-04-09,TW2813,4,Truck,Gray,12,N
VH20260409_0005_TW2813,VH20260409_0005,2026-04-09,TW2813,4,Car,Black,47,SW
VH20260409_0007_TW2816,VH20260409_0007,2026-04-09,TW2816,4,Motorbike,Red,58,NW
VH20260409_0010_TW2816,VH20260409_0010,2026-04-09,TW2816,4,Car,White,45,SW
VH20260409_0010_TW2817,VH20260409_0010,2026-04-09,TW2817,4,Car,White,45,W
VH20260409_0004_TW2817,VH20260409_0004,2026-04-09,TW2817,4,Car,Blue,38,W
VH20260409_0006_TW2819,VH20260409_0006,2026-04-09,TW2819,4,Car,Black,49,N
VH20260409_0001_TW2819,VH20260409_0001,2026-04-09,TW2819,4,Motorbike,Gray,16,W
VH20260409_0002_TW2819,VH20260409_0002,2026-04-09,TW2819,4,Car,Black,7,W
VH20260409_0011_TW2819,VH20260409_0011,2026-04-09,TW2819,4,Truck,Gray,11,E
VH20260409_0007_TW2819,VH20260409_0007,2026-04-09,TW2819,4,Motorbike,Red,38,SW
VH20260409_0003_TW2820,VH20260409_0003,2026-04-09,TW2820,4,Car,Black,43,N
VH20260409_0009_TW2820,VH20260409_0009,2026-04-09,TW2820,4,Car,Red,21,SW
VH20260409_0007_TW2820,VH20260409_0007,2026-04-09,TW2820,4,Motorbike,Red,34,W
VH20260409_0011_TW2820,VH20260409_0011,2026-04-09,TW2820,4,Truck,Gray,11,E
VH20260409_0005_TW2821,VH20260409_0005,2026-04-09,TW2821,4,Car,Black,59,SE
VH20260409_0008_TW2822,VH20260409_0008,2026-04-09,TW2822,4,Motorbike,Black,58,SE
VH20260409_0002_TW2822,VH20260409_0002,2026-04-09,TW2822,4,Car,Black,12,SW
VH20260409_0009_TW2822,VH20260409_0009,2026-04-09,TW2822,4,Car,Red,23,S
VH20260409_0010_TW2822,VH20260409_0010,2026-04-09,TW2822,4,Car,White,52,SW
VH20260409_0006_TW2822,VH20260409_0006,2026-04-09,TW2822,4,Car,Black,46,N
VH20260409_0006_TW2823,VH20260409_0006,2026-04-09,TW2823,4,Car,Black,44,NW
VH20260409_0008_TW2823,VH20260409_0008,2026-04-09,TW2823,4,Motorbike,Black,60,E
VH20260409_0010_TW2823,VH20260409_0010,2026-04-09,TW2823,4,Car,White,20,W
VH20260409_0012_TW2823,VH20260409_0012,2026-04-09,TW2823,4,Car,Black,7,NW
VH20260409_0003_TW2823,VH20260409_0003,2026-04-09,TW2823,4,Car,Black,46,E
VH20260409_0011_TW2824,VH20260409_0011,2026-04-09,TW2824,4,Truck,Gray,13,NW
VH20260409_0003_TW2829,VH20260409_0003,2026-04-09,TW2829,4,Car,Black,34,E
VH20260409_0001_TW2829,VH20260409_0001,2026-04-09,TW2829,4,Motorbike,Gray,17,N
VH20260409_0007_TW2829,VH20260409_0007,2026-04-09,TW2829,4,Motorbike,Red,24,N
VH20260409_0004_TW2829,VH20260409_0004,2026-04-09,TW2829,4,Car,Blue,52,W
VH20260409_0006_TW2829,VH20260409_0006,2026-04-09,TW2829,4,Car,Black,43,E
VH20260409_0011_TW2831,VH20260409_0011,2026-04-09,TW2831,4,Truck,Gray,38,S
VH20260409_0009_TW2832,VH20260409_0009,2026-04-09,TW2832,4,Car,Red,35,N
VH20260409_0004_TW2832,VH20260409_0004,2026-04-09,TW2832,4,Car,Blue,39,N
VH20260409_0011_TW2832,VH20260409_0011,2026-04-09,TW2832,4,Truck,Gray,38,S
VH20260409_0002_TW2832,VH20260409_0002,2026-04-09,TW2832,4,Car,Black,12,S
VH20260409_0005_TW2832,VH20260409_0005,2026-04-09,TW2832,4,Car,Black,58,N
VH20260409_0007_TW2832,VH20260409_0007,2026-04-09,TW2832,4,Motorbike,Red,26,N
VH20260409_0009_TW2833,VH20260409_0009,2026-04-09,TW2833,4,Car,Red,39,NW
VH20260409_0012_TW2833,VH20260409_0012,2026-04-09,TW2833,4,Car,Black,12,NW
VH20260409_0010_TW2834,VH20260409_0010,2026-04-09,TW2834,4,Car,White,15,NW
VH20260409_0001_TW2835,VH20260409_0001,2026-04-09,TW2835,4,Motorbike,Gray,14,N
VH20260409_0004_TW2835,VH20260409_0004,2026-04-09,TW2835,4,Car,Blue,41,NW
VH20260409_0002_TW2835,VH20260409_0002,2026-04-09,TW2835,4,Car,Black,48,E
VH20260409_0002_TW2836,VH20260409_0002,2026-04-09,TW2836,4,Car,Black,51,SE
VH20260409_0005_TW2836,VH20260409_0005,2026-04-09,TW2836,4,Car,Black,58,SW
VH20260409_0008_TW2837,VH20260409_0008,2026-04-09,TW2837,4,Motorbike,Black,33,S
VH20260409_0010_TW2837,VH20260409_0010,2026-04-09,TW2837,4,Car,White,6,NW
VH20260409_0002_TW2837,VH20260409_0002,2026-04-09,TW2837,4,Car,Black,46,SE
VH20260409_0005_TW2837,VH20260409_0005,2026-04-09,TW2837,4,Car,Black,39,N
VH20260409_0006_TW2837,VH20260409_0006,2026-04-09,TW2837,4,Car,Black,28,NW
VH20260409_0004_TW2837,VH20260409_0004,2026-04-09,TW2837,4,Car,Blue,49,N
VH20260409_0002_TW2840,VH20260409_0002,2026-04-09,TW2840,4,Car,Black,39,NE
VH20260409_0008_TW2840,VH20260409_0008,2026-04-09,TW2840,4,Motorbike,Black,41,S
VH20260409_0007_TW2840,VH20260409_0007,2026-04-09,TW2840,4,Motorbike,Red,25,E
VH20260409_0009_TW2840,VH20260409_0009,2026-04-09,TW2840,4,Car,Red,54,W
VH20260409_0001_TW2840,VH20260409_0001,2026-04-09,TW2840,4,Motorbike,Gray,10,N
VH20260409_0010_TW2841,VH20260409_0010,2026-04-09,TW2841,4,Car,White,1,E
VH20260409_0011_TW2842,VH20260409_0011,2026-04-09,TW2842,4,Truck,Gray,19,NE
VH20260409_0003_TW2842,VH20260409_0003,2026-04-09,TW2842,4,Car,Black,9,N
VH20260409_0012_TW2842,VH20260409_0012,2026-04-09,TW2842,4,Car,Black,3,SW
VH20260409_0008_TW2842,VH20260409_0008,2026-04-09,TW2842,4,Motorbike,Black,42,S
VH20260409_0003_TW2843,VH20260409_0003,2026-04-09,TW2843,4,Car,Black,13,N
VH20260409_0007_TW2843,VH20260409_0007,2026-04-09,TW2843,4,Motorbike,Red,29,N
VH20260409_0001_TW2843,VH20260409_0001,2026-04-09,TW2843,4,Motorbike,Gray,7,NE
VH20260409_0011_TW2844,VH20260409_0011,2026-04-09,TW2844,4,Truck,Gray,19,NE
VH20260409_0012_TW2844,VH20260409_0012,2026-04-09,TW2844,4,Car,Black,3,S
VH20260409_0012_TW2845,VH20260409_0012,2026-04-09,TW2845,4,Car,Black,5,SW
VH20260409_0001_TW2846,VH20260409_0001,2026-04-09,TW2846,4,Motorbike,Gray,9,E
VH20260409_0010_TW2847,VH20260409_0010,2026-04-09,TW2847,4,Car,White,5,SW
VH20260409_0002_TW2848,VH20260409_0002,2026-04-09,TW2848,4,Car,Black,34,NW
VH20260409_0005_TW2848,VH20260409_0005,2026-04-09,TW2848,4,Car,Black,29,SE
VH20260409_0011_TW2848,VH20260409_0011,2026-04-09,TW2848,4,Truck,Gray,11,SE
VH20260409_0003_TW2849,VH20260409_0003,2026-04-09,TW2849,4,Car,Black,16,N
VH20260409_0011_TW2849,VH20260409_0011,2026-04-09,TW2849,4,Truck,Gray,12,SE
VH20260409_0007_TW2849,VH20260409_0007,2026-04-09,TW2849,4,Motorbike,Red,30,NW
VH20260409_0010_TW2850,VH20260409_0010,2026-04-09,TW2850,4,Car,White,0,W
VH20260409_0009_TW2850,VH20260409_0009,2026-04-09,TW2850,4,Car,Red,43,SW
VH20260409_0008_TW2850,VH20260409_0008,2026-04-09,TW2850,4,Motorbike,Black,42,E
VH20260409_0012_TW2850,VH20260409_0012,2026-04-09,TW2850,4,Car,Black,1,SW
VH20260409_0004_TW2852,VH20260409_0004,2026-04-09,TW2852,4,Car,Blue,57,N
VH20260409_0006_TW2852,VH20260409_0006,2026-04-09,TW2852,4,Car,Black,22,NE
VH20260409_0007_TW2852,VH20260409_0007,2026-04-09,TW2852,4,Motorbike,Red,26,NW
VH20260409_0011_TW2852,VH20260409_0011,2026-04-09,TW2852,4,Truck,Gray,14,E
VH20260409_0003_TW2853,VH20260409_0003,2026-04-09,TW2853,4,Car,Black,30,N
VH20260409_0012_TW2853,VH20260409_0012,2026-04-09,TW2853,4,Car,Black,6,SW
VH20260409_0006_TW2853,VH20260409_0006,2026-04-09,TW2853,4,Car,Black,17,N
VH20260409_0003_TW2854,VH20260409_0003,2026-04-09,TW2854,4,Car,Black,28,NW
VH20260409_0010_TW2854,VH20260409_0010,2026-04-09,TW2854,4,Car,White,0,SW
VH20260409_0004_TW2854,VH20260409_0004,2026-04-09,TW2854,4,Car,Blue,50,W
VH20260409_0001_TW2855,VH20260409_0001,2026-04-09,TW2855,4,Motorbike,Gray,6,S
VH20260409_0005_TW2858,VH20260409_0005,2026-04-09,TW2858,4,Car,Black,25,SW
VH20260409_0011_TW2858,VH20260409_0011,2026-04-09,TW2858,4,Truck,Gray,25,NW
VH20260409_0003_TW2858,VH20260409_0003,2026-04-09,TW2858,4,Car,Black,28,W
VH20260409_0002_TW2860,VH20260409_0002,2026-04-09,TW2860,4,Car,Black,28,S
VH20260409_0007_TW2860,VH20260409_0007,2026-04-09,TW2860,4,Motorbike,Red,2,E
VH20260409_0007_TW2861,VH20260409_0007,2026-04-09,TW2861,4,Motorbike,Red,5,E
VH20260409_0003_TW2861,VH20260409_0003,2026-04-09,TW2861,4,Car,Black,28,NW
VH20260409_0005_TW2863,VH20260409_0005,2026-04-09,TW2863,4,Car,Black,29,SW
VH20260409_0009_TW2863,VH20260409_0009,2026-04-09,TW2863,4,Car,Red,22,SE
VH20260409_0004_TW2865,VH20260409_0004,2026-04-09,TW2865,4,Car,Blue,60,NW
VH20260409_0005_TW2865,VH20260409_0005,2026-04-09,TW2865,4,Car,Black,36,W
VH20260409_0006_TW2865,VH20260409_0006,2026-04-09,TW2865,4,Car,Black,26,W
VH20260409_0011_TW2866,VH20260409_0011,2026-04-09,TW2866,4,Truck,Gray,22,W
VH20260409_0010_TW2866,VH20260409_0010,2026-04-09,TW2866,4,Car,White,5,W
VH20260409_0004_TW2867,VH20260409_0004,2026-04-09,TW2867,4,Car,Blue,54,NW
VH20260409_0001_TW2867,VH20260409_0001,2026-04-09,TW2867,4,Motorbike,Gray,15,S
VH20260409_0009_TW2867,VH20260409_0009,2026-04-09,TW2867,4,Car,Red,31,S
VH20260409_0007_TW2868,VH20260409_0007,2026-04-09,TW2868,4,Motorbike,Red,6,SE
VH20260409_0001_TW2870,VH20260409_0001,2026-04-09,TW2870,4,Motorbike,Gray,15,W
VH20260409_0002_TW2871,VH20260409_0002,2026-04-09,TW2871,4,Car,Black,30,E
VH20260409_0008_TW2871,VH20260409_0008,2026-04-09,TW2871,4,Motorbike,Black,4,NW
VH20260409_0011_TW2873,VH20260409_0011,2026-04-09,TW2873,4,Truck,Gray,30,W
VH20260409_0010_TW2873,VH20260409_0010,2026-04-09,TW2873,4,Car,White,60,SW
VH20260409_0002_TW2873,VH20260409_0002,2026-04-09,TW2873,4,Car,Black,31,N
VH20260409_0010_TW2875,VH20260409_0010,2026-04-09,TW2875,4,Car,White,54,S
VH20260409_0004_TW2876,VH20260409_0004,2026-04-09,TW2876,4,Car,Blue,43,S
VH20260409_0005_TW2877,VH20260409_0005,2026-04-09,TW2877,4,Car,Black,24,NW
VH20260409_0001_TW2877,VH20260409_0001,2026-04-09,TW2877,4,Motorbike,Gray,12,SW
VH20260409_0002_TW2877,VH20260409_0002,2026-04-09,TW2877,4,Car,Black,35,N
VH20260409_0009_TW2877,VH20260409_0009,2026-04-09,TW2877,4,Car,Red,30,SW
VH20260409_0001_TW2878,VH20260409_0001,2026-04-09,TW2878,4,Motorbike,Gray,13,SW
VH20260409_0008_TW2878,VH20260409_0008,2026-04-09,TW2878,4,Motorbike,Black,6,NW
VH20260409_0002_TW2879,VH20260409_0002,2026-04-09,TW2879,4,Car,Black,37,W
VH20260409_0006_TW2879,VH20260409_0006,2026-04-09,TW2879,4,Car,Black,10,NE
